{"RuleTriggered": 0, "Violations": 0, "Details": {"ratio": {"cpu_functions": 100.0}, "phase": {"Step:ModeKeys.GLOBAL": 75.59724420445025, "others": 24.402755795549762}, "phase_time": {}, "CPU": {"addmm": 7.953228594768139, "binary_cross_entropy_with_logits": 40.01310815175061, "neg": 14.930944736792116, "neg_out": 13.153745321909613, "clamp_min_": 4.585003514504455, "clamp_min_out": 4.187009631641939, "sub": 4.720834362354909, "add_": 5.575713824350767, "fill_": 4.880411861927468}, "CPU_total": {"addmm": 8373, "binary_cross_entropy_with_logits": 42125, "neg": 15719, "neg_out": 13848, "clamp_min_": 4827, "clamp_min_out": 4408, "sub": 4970, "add_": 5870, "fill_": 5138}, "general": {"Forward": 100.0}}, "Datapoints": 0, "RuleParameters": ""}