{"RuleTriggered": 1, "Violations": 21, "Details": {"step_details": {"algo-1-33": {"step_stats": {"mean": 0.0012382847500000001, "max": 0.068395, "p99": 0.002151030000000001, "p95": 0.001567, "p50": 0.001153, "min": 0.000422}, "number_of_outliers": 21, "phase": "Step:ModeKeys.GLOBAL", "stddev": 0.0, "probs": [28, 5, 56, 42, 34, 43, 131, 236, 769, 1310, 1074, 1033, 971, 846, 719, 702, 1149, 1136, 693, 295, 155, 105, 96, 66, 61, 36, 24, 29, 11, 13, 8, 5, 5, 5, 7, 5, 1, 3, 2, 3, 4, 1, 4, 0, 0, 0, 2, 2, 3, 1, 2, 2, 2, 4, 5, 2, 0, 2, 3, 1, 2, 2, 2, 0, 1, 1, 0, 2, 0, 0, 2, 2, 0, 0, 0, 1, 0, 0, 1, 1, 1, 0, 0, 0, 2, 0, 0, 1, 0, 1, 1, 0, 0, 0, 2, 0, 0, 0, 1, 1], "binedges": [0.000422, 0.00047686, 0.0005317200000000001, 0.0005865800000000001, 0.0006414400000000001, 0.0006963000000000001, 0.0007511600000000001, 0.0008060200000000001, 0.0008608800000000001, 0.0009157400000000002, 0.0009706000000000001, 0.0010254600000000002, 0.00108032, 0.0011351800000000002, 0.00119004, 0.0012449000000000002, 0.00129976, 0.0013546200000000002, 0.0014094800000000003, 0.0014643400000000002, 0.0015192000000000003, 0.0015740600000000002, 0.0016289200000000003, 0.0016837800000000002, 0.0017386400000000003, 0.0017935000000000002, 0.0018483600000000003, 0.0019032200000000002, 0.00195808, 0.00201294, 0.0020678000000000003, 0.00212266, 0.00217752, 0.0022323800000000004, 0.0022872400000000003, 0.0023421, 0.0023969600000000005, 0.0024518200000000004, 0.0025066800000000003, 0.00256154, 0.0026164000000000005, 0.0026712600000000004, 0.0027261200000000003, 0.00278098, 0.0028358400000000005, 0.0028907000000000004, 0.0029455600000000003, 0.00300042, 0.0030552800000000005, 0.0031101400000000004, 0.0031650000000000003, 0.0032198600000000006, 0.0032747200000000005, 0.0033295800000000004, 0.0033844400000000003, 0.0034393000000000006, 0.0034941600000000005, 0.0035490200000000004, 0.0036038800000000003, 0.0036587400000000006, 0.0037136000000000005, 0.0037684600000000004, 0.0038233200000000003, 0.0038781800000000006, 0.0039330400000000005, 0.0039879, 0.00404276, 0.004097620000000001, 0.00415248, 0.00420734, 0.004262200000000001, 0.00431706, 0.0043719200000000005, 0.00442678, 0.00448164, 0.0045365, 0.00459136, 0.00464622, 0.00470108, 0.00475594, 0.0048108000000000005, 0.00486566, 0.00492052, 0.004975380000000001, 0.00503024, 0.0050851, 0.00513996, 0.00519482, 0.0052496800000000005, 0.00530454, 0.0053594, 0.005414260000000001, 0.00546912, 0.00552398, 0.00557884, 0.0056337, 0.0056885600000000005, 0.00574342, 0.00579828, 0.005853140000000001, 0.005908], "step_numbers": ["0", "5", "6", "7", "8", "9", "10", "11", "12", "13", "14", "15", "38", "46", "56", "78", "108", "286", "510", "788", "10492"]}}, "ratio": {"cpu_functions": 100.0}, "phase": {"Step:ModeKeys.GLOBAL": 100.0}, "phase_time": {}, "general": {"Forward": 100.0}, "CPU": {"addmm": 8.03890318368601, "binary_cross_entropy_with_logits": 40.444141480087566, "neg": 15.091785398824841, "neg_out": 13.295441453204809, "clamp_min_": 4.634394562003149, "clamp_min_out": 4.232113368408926, "sub": 4.513422174430662, "add_": 4.942586120818772, "fill_": 4.807212258535275}, "CPU_total": {"addmm": 8373, "binary_cross_entropy_with_logits": 42125, "neg": 15719, "neg_out": 13848, "clamp_min_": 4827, "clamp_min_out": 4408, "sub": 4701, "add_": 5148, "fill_": 5007}}, "Datapoints": 12000, "RuleParameters": "threshold:3\nmode:None\nn_outliers:10\nstddev:3"}